,count,mean,std,min,25%,50%,75%,max
total_inflow,682.0,386547.38988269796,265669.25062305585,10100.0,190986.675,310410.75,510005.875,1348329.3
total_outflow,682.0,314772.3608504399,233311.63033906085,0.0,143493.80000000002,247249.1,431344.6,1208500.0
avg_monthly_inflow,682.0,27365.14494344663,14100.828721038199,3509.0,16453.772916666665,23827.91008403361,37221.413616071426,78173.78235294118
avg_monthly_outflow,682.0,21601.84294607513,12317.021292868232,0.0,12338.494196428572,18928.76732026144,29300.257142857146,71088.23529411765
inflow_volatility,682.0,17005.98479488188,14168.764254707685,201.7194503925355,5522.104456139798,10667.097884535586,27450.051189138307,64413.89433685733
outflow_volatility,682.0,16190.785636245095,11534.213904859711,0.0,7238.433771832126,12238.272063268923,22779.389087628362,60010.63750798813
transaction_frequency,682.0,80.43988269794721,44.78606406894875,2.0,45.0,77.0,112.0,219.0
avg_balance,682.0,43610.12506474738,13472.36803984616,5350.0,32833.03478666115,43207.93116554053,53613.958259613646,79500.53809523808
min_balance,682.0,651.9989736070382,1848.9893233678936,-17030.4,300.0,600.0,900.0,20574.0
max_balance,682.0,89050.3453079179,34224.50981854598,10100.0,60180.275,85185.2,119250.475,193909.9
balance_volatility,682.0,18355.399199395735,7481.460045185491,4462.709852015551,11687.803426814555,18893.306825368698,24705.462274848884,35436.02935310035
active_months,682.0,13.868035190615835,5.420649478991443,2.0,9.0,14.0,18.0,24.0
account_tenure_days,682.0,398.24046920821115,164.61135897990974,102.0,261.25,395.5,528.75,697.0
loan_id,682.0,6172.466275659824,682.5792792264359,4959.0,5577.5,6176.5,6752.5,7308.0
account_id,682.0,5824.162756598241,3283.512680895357,2.0,2967.0,5738.5,8686.0,11362.0
target,682.0,0.11143695014662756,0.314903411033064,0.0,0.0,0.0,0.0,1.0
loan_amount,682.0,151410.1759530792,113372.4063095917,4980.0,66732.0,116928.0,210654.0,590820.0
loan_duration,682.0,36.49266862170088,17.07521855232188,12.0,24.0,36.0,48.0,60.0
loan_payment,682.0,4190.6642228739,2215.8303442941256,304.0,2477.0,3934.0,5813.5,9910.0
